Bay Cafe &amp; Deli: http://www.allmenus.com/ca/palo-alto/380883-bay-cafe--deli/menu/
Baskin-Robbins: http://www.allmenus.com/ca/san-mateo/242350-baskin-robbins/menu/
Mediteranean Wraps: http://www.allmenus.com/ca/san-jose/276186-mediteranean-wraps/menu/
Three Brothers: http://www.allmenus.com/ca/san-mateo/275219-three-brothers/menu/
Como Esta? Taqueria: http://www.allmenus.com/ca/san-jose/53904-como-esta-taqueria/menu/
Oren's Hummus Shop: http://www.allmenus.com/ca/san-jose/307696-orens-hummus-shop/menu/
Tava Indian Kitchen Palo Alto: http://www.allmenus.com/ca/san-jose/318183-tava-indian-kitchen-palo-alto/menu/
Round Table Pizza: http://www.allmenus.com/ca/san-jose/17496-round-table-pizza/menu/
Babbo's Mediterranean Bistro: http://www.allmenus.com/ca/san-jose/55324-babbos-mediterranean-bistro/menu/
Jade Palace: http://www.allmenus.com/ca/san-jose/51408-jade-palace/menu/
Some Kind Of Place: http://www.allmenus.com/ca/san-jose/47710-some-kind-of-place/menu/
Jin Sho: http://www.allmenus.com/ca/san-jose/275208-jin-sho/menu/
House of Bagels: http://www.allmenus.com/ca/san-jose/318860-house-of-bagels/menu/
Reposado Restaurant: http://www.allmenus.com/ca/palo-alto/342418-reposado-restaurant/menu/
Golden Wok: http://www.allmenus.com/ca/san-jose/18469-golden-wok/menu/
Haagen Dazs: http://www.allmenus.com/ca/san-jose/232757-haagen-dazs/menu/
Fleming's Prime Steakhouse &amp; Wine Bar: http://www.allmenus.com/ca/san-jose/275211-flemings-prime-steakhouse--wine-bar/menu/
Papa John's Pizza: http://www.allmenus.com/ca/palo-alto/310220-papa-johns-pizza/menu/
Jack in the Box: http://www.allmenus.com/ca/san-jose/178057-jack-in-the-box/menu/
Bon Vivant Cafe: http://www.allmenus.com/ca/palo-alto/336159-bon-vivant-cafe/menu/
The Fish Market: http://www.allmenus.com/ca/san-jose/20348-the-fish-market/menu/
California Cafe: http://www.allmenus.com/ca/san-jose/48328-california-cafe/menu/
Taxi's Hamburgers: http://www.allmenus.com/ca/san-jose/46898-taxis-hamburgers/menu/
Taco Del Mar: http://www.allmenus.com/ca/san-jose/6235-taco-del-mar/menu/
Cafe Douce France: http://www.allmenus.com/ca/san-jose/318916-cafe-douce-france/menu/
Kicks LLC: http://www.allmenus.com/ca/palo-alto/371849-kicks-llc/menu/
Stanford Grill Restaurant: http://www.allmenus.com/ca/san-jose/56012-stanford-grill-restaurant/menu/
Pizza A Go-Go: http://www.allmenus.com/ca/san-jose/307701-pizza-a-go-go/menu/
Vino Locale Wine Bar: http://www.allmenus.com/ca/san-jose/48985-vino-locale-wine-bar/menu/
California Pizza Kitchen: http://www.allmenus.com/ca/san-jose/53927-california-pizza-kitchen/menu/
Coconuts Caribbean Restaurant &amp; Bar: http://www.allmenus.com/ca/palo-alto/375102-coconuts-caribbean-restaurant--bar/menu/
Miyake: http://www.allmenus.com/ca/san-jose/56551-miyake/menu/
N.O.L.A.: http://www.allmenus.com/ca/san-jose/22418-nola/menu/
Il Fornaio: http://www.allmenus.com/ca/san-jose/5292-il-fornaio/menu/
Palo Alto Baking Company: http://www.allmenus.com/ca/san-jose/51384-palo-alto-baking-company/menu/
Westfresh: http://www.allmenus.com/ca/san-jose/276191-westfresh/menu/
Gyros Gyros: http://www.allmenus.com/ca/san-jose/275220-gyros-gyros/menu/
The Ace of Sandwiches: http://www.allmenus.com/ca/san-jose/275200-the-ace-of-sandwiches/menu/
Togo's Eatery: http://www.allmenus.com/ca/san-mateo/163866-togos-eatery/menu/
Satura Cakes: http://www.allmenus.com/ca/san-jose/276193-satura-cakes/menu/
Robaii: http://www.allmenus.com/ca/san-jose/54094-robaii/menu/
Patxi's Chicago Pizza: http://www.allmenus.com/ca/palo-alto/378393-patxis-chicago-pizza/menu/
Szechwan Cafe: http://www.allmenus.com/ca/san-jose/51377-szechwan-cafe/menu/
Sushi House: http://www.allmenus.com/ca/san-jose/275212-sushi-house/menu/
Restaurant Soleil: http://www.allmenus.com/ca/palo-alto/342442-restaurant-soleil/menu/
Spice Kit: http://www.allmenus.com/ca/palo-alto/375443-spice-kit/menu/
Homma's Brown Rice Sushi: http://www.allmenus.com/ca/san-jose/275206-hommas-brown-rice-sushi/menu/
Papa Johns: http://www.allmenus.com/ca/san-jose/317886-papa-johns/menu/
Mayfield Bakery and Cafe: http://www.allmenus.com/ca/palo-alto/340145-mayfield-bakery-and-cafe/menu/
Pommard Catering, Deli &amp; Pizza: http://www.allmenus.com/ca/palo-alto/374916-pommard-catering,-deli--pizza/menu/
St Michael's Alley: http://www.allmenus.com/ca/san-jose/275205-st-michaels-alley/menu/
Rangoon Ruby: http://www.allmenus.com/ca/san-jose/308595-rangoon-ruby/menu/
Janta Indian Restaurant: http://www.allmenus.com/ca/san-jose/55769-janta-indian-restaurant/menu/
Florentine: http://www.allmenus.com/ca/san-jose/20264-florentine/menu/
Olive Garden Italian Restaurant: http://www.allmenus.com/ca/san-jose/14204-olive-garden-italian-restaurant/menu/
Hattoriya: http://www.allmenus.com/ca/san-jose/46190-hattoriya/menu/
Cafe Sprout: http://www.allmenus.com/ca/san-jose/276158-cafe-sprout/menu/
Su Hong Eatery &amp; Chinese Restaurant: http://www.allmenus.com/ca/san-jose/50112-su-hong-eatery--chinese-restaurant/menu/
The HoneyBaked Ham Company: http://www.allmenus.com/ca/san-jose/152228-honeybaked-ham/menu/
Peking Duck Restaurant: http://www.allmenus.com/ca/san-jose/316195-peking-duck-restaurant/menu/
Starbucks Coffee: http://www.allmenus.com/ca/san-jose/108085-starbucks-coffee/menu/
Kanpai: http://www.allmenus.com/ca/san-jose/275217-kanpai/menu/
China Delight: http://www.allmenus.com/ca/san-jose/275224-china-delight/menu/
Indochine: http://www.allmenus.com/ca/san-jose/276153-indochine/menu/
Three Seasons: http://www.allmenus.com/ca/san-jose/267091-three-seasons/menu/
Andronico's Market: http://www.allmenus.com/ca/palo-alto/374893-andronicos-market/menu/
Pizza Chicago: http://www.allmenus.com/ca/san-jose/19861-pizza-chicago/menu/
Quattro Restaurant and Bar: http://www.allmenus.com/ca/san-mateo/267604-quattro-restaurant-and-bar/menu/
Pasta Q: http://www.allmenus.com/ca/san-jose/46896-pasta/menu/
Bistro Maxine: http://www.allmenus.com/ca/san-jose/47711-bistro-maxine/menu/
Elbe Restaurant: http://www.allmenus.com/ca/san-jose/50110-elbe-restaurant/menu/
New York New York: http://www.allmenus.com/ca/san-jose/275227-new-york-new-york/menu/
Madison &amp; Fifth: http://www.allmenus.com/ca/san-jose/46904-madison--fifth/menu/
Driftwood Deli &amp; Market: http://www.allmenus.com/ca/san-jose/319564-driftwood-deli--market/menu/
Casa Isabel: http://www.allmenus.com/ca/san-jose/51381-casa-isabel/menu/
Fresh Taste Chinese Cuisine: http://www.allmenus.com/ca/san-jose/50149-fresh-taste-chinese-cuisine/menu/
Joya: http://www.allmenus.com/ca/san-jose/275226-joya/menu/
The Cheesecake Factory: http://www.allmenus.com/ca/san-jose/107494-the-cheescake-factory/menu/
Espresso Bar: http://www.allmenus.com/ca/palo-alto/374530-espresso-bar/menu/
La Parrilla Grill: http://www.allmenus.com/ca/palo-alto/375258-la-parrilla-grill/menu/
Domino's Pizza: http://www.allmenus.com/ca/san-jose/74226-dominos-pizza/menu/
Cafe Brioche: http://www.allmenus.com/ca/san-jose/50107-cafe-brioche/menu/
Playa Grill &amp; Margarita Bar: http://www.allmenus.com/ca/san-jose/53923-playa-grill--margarita-bar/menu/
Uzumaki Japanese Restaurant and Sushi Bar: http://www.allmenus.com/ca/san-jose/273809-uzumaki-japanese-restaurant-and-sushi-bar/menu/
Siam Orchid Organic Fine Dining: http://www.allmenus.com/ca/san-jose/293478-siam-orchid-organic-fine-dining/menu/
Gourmet Vegetarian Dinners by Peninsula Macrobioti: http://www.allmenus.com/ca/palo-alto/375349-gourmet-vegetarian-dinners-by-peninsula-macrobioti/menu/
Green Elephant Gourmet: http://www.allmenus.com/ca/san-jose/53849-green-elephant-gourmet/menu/
Mango Caribbean Restaurant &amp; Bar: http://www.allmenus.com/ca/san-jose/50109-mango-caribbean-restaurant--bar/menu/
Figo Restaurant: http://www.allmenus.com/ca/palo-alto/323332-figo-restaurant/menu/
Vero: http://www.allmenus.com/ca/san-jose/269754-vero/menu/
Bangkok Cuisine: http://www.allmenus.com/ca/san-jose/54999-bangkok-cuisine/menu/
Cafe Baklava: http://www.allmenus.com/ca/san-jose/304226-cafe-baklava/menu/
Krung Siam: http://www.allmenus.com/ca/san-jose/46903-krung-siam/menu/
Old Pro: http://www.allmenus.com/ca/san-jose/19801-old-pro/menu/
Straits Cafe: http://www.allmenus.com/ca/san-jose/22273-straits-cafe/menu/
Zibibbo: http://www.allmenus.com/ca/san-jose/22037-zibibbo/menu/
Village Cheese House: http://www.allmenus.com/ca/palo-alto/375573-village-cheese-house/menu/
Zara Fine Turkish Cuisine: http://www.allmenus.com/ca/west-santa-clara/301443-zara-fine-turkish-cuisine/menu/
Hobee's: http://www.allmenus.com/ca/san-jose/20256-hobees/menu/
Lavanda: http://www.allmenus.com/ca/san-jose/46897-lavanda/menu/
R &amp; B Seafood: http://www.allmenus.com/ca/san-jose/307699-r--b-seafood/menu/
Schaub's Meat Fish &amp; Poultry: http://www.allmenus.com/ca/san-jose/275176-schaubs-meat-fish--poultry/menu/
Caffe Riace Ristorante Italian: http://www.allmenus.com/ca/san-jose/275307-caffe-riace-ristorante-italian/menu/
Tamarine: http://www.allmenus.com/ca/san-jose/22267-tamarine/menu/
The Prolific Oven: http://www.allmenus.com/ca/san-jose/20126-the-prolific-oven/menu/
Max's Opera Cafe Palo Alto: http://www.allmenus.com/ca/san-jose/19753-maxs-opera-cafe-palo-alto/menu/
Lulu's: http://www.allmenus.com/ca/palo-alto/375261-lulus/menu/
Palo Alto Sol: http://www.allmenus.com/ca/san-jose/275203-palo-alto-sol/menu/
Calafia Cafe: http://www.allmenus.com/ca/palo-alto/374765-calafia-cafe/menu/
Lotus Thai Bistro: http://www.allmenus.com/ca/san-jose/273819-lotus-thai-bistro/menu/
Tootsie's: http://www.allmenus.com/ca/palo-alto/375510-tootsies/menu/
Sancho's Taqueria: http://www.allmenus.com/ca/palo-alto/374939-sanchos-taqueria/menu/
Cafe Venetia: http://www.allmenus.com/ca/san-jose/308717-cafe-venetia/menu/
Hyderabad House: http://www.allmenus.com/ca/san-jose/46905-hyderabad-house/menu/
Spin Night Club: http://www.allmenus.com/ca/palo-alto/375209-spin-night-club/menu/
Subway: http://www.allmenus.com/ca/san-jose/150375-subway/menu/
Amber Dhara : http://www.allmenus.com/ca/palo-alto/319902-amber-dhara-/menu/
Fandango Pizza: http://www.allmenus.com/ca/san-jose/50150-fandango-pizza/menu/
Pizz'a Chicago: http://www.allmenus.com/ca/palo-alto/371850-pizza-chicago/menu/
Mac Arthur Park: http://www.allmenus.com/ca/san-jose/48974-mac-arthur-park/menu/
Ming's: http://www.allmenus.com/ca/san-jose/19777-mings/menu/
The Treehouse: http://www.allmenus.com/ca/san-jose/275207-the-treehouse/menu/
Hong Kong Restaurant: http://www.allmenus.com/ca/san-jose/46184-hong-kong/menu/
Three Brothers Tacos: http://www.allmenus.com/ca/san-mateo/319323-three-brothers-tacos/menu/
University Cafe: http://www.allmenus.com/ca/san-jose/315863-university-cafe/menu/
Abundant Air: http://www.allmenus.com/ca/san-jose/50154-abundant-air/menu/
New Bamboo: http://www.allmenus.com/ca/palo-alto/375478-new-bamboo/menu/
New York Pizza: http://www.allmenus.com/ca/san-jose/17916-new-york-pizza/menu/
A.G. Ferrari Foods: http://www.allmenus.com/ca/san-jose/47697-ag-ferrari-foods/menu/
Cafe Sophia Coffee Roasting Company: http://www.allmenus.com/ca/san-jose/53843-cafe-sophia-coffee-roasting-company/menu/
Boston Market: http://www.allmenus.com/ca/san-jose/152579-boston-market/menu/
The Sea by Alexander's Steakhouse: http://www.allmenus.com/ca/palo-alto/344366-the-sea-by-alexanders-steakhouse/menu/
The Counter: http://www.allmenus.com/ca/san-jose/51429-the-counter/menu/
Shokolaat: http://www.allmenus.com/ca/san-jose/276194-shokolaat/menu/
Douce France: http://www.allmenus.com/ca/palo-alto/345670-douce-france/menu/
The Melt: http://www.allmenus.com/ca/palo-alto/380884-the-melt/menu/
SliderBar Cafe: http://www.allmenus.com/ca/san-jose/319756-sliderbar-cafe/menu/
Cafe Taxim: http://www.allmenus.com/ca/san-jose/318433-cafe-taxim/menu/
Tacolicious: http://www.allmenus.com/ca/palo-alto/374953-tacolicious/menu/
McDonald's: http://www.allmenus.com/ca/san-mateo/177999-mcdonalds/menu/
Cibo: http://www.allmenus.com/ca/san-jose/50146-cibo/menu/
Hunan Garden: http://www.allmenus.com/ca/san-jose/56013-hunan-garden/menu/
Rojoz Gourmet Wraps: http://www.allmenus.com/ca/san-jose/47709-rojoz-gourmet-wraps/menu/
Printers Cafe: http://www.allmenus.com/ca/san-jose/318482-printers-cafe/menu/
Buca Di Beppo: http://www.allmenus.com/ca/san-jose/9597-buca-di-beppo/menu/
Zucca Palo Alto: http://www.allmenus.com/ca/san-jose/268639-zucca-palo-alto/menu/
Cafe Piazza: http://www.allmenus.com/ca/santa-clara-county/318430-cafe-piazza/menu/
Kan Zeman Mediterranean: http://www.allmenus.com/ca/san-jose/47695-kan-zeman-mediterranean/menu/
Scott's Seafood Palo Alto: http://www.allmenus.com/ca/san-jose/20173-scotts-seafood-palo-alto/menu/
Illusions Fayrouz Dining &amp; Entertainment: http://www.allmenus.com/ca/san-jose/48904-illusions-fayrouz-dining--entertainment/menu/
Taqueria Azteca: http://www.allmenus.com/ca/san-jose/48034-taqueria-azteca/menu/
Evvia Estiatorio: http://www.allmenus.com/ca/san-jose/21459-evvia/menu/
Pluto's: http://www.allmenus.com/ca/san-jose/47715-plutos/menu/
Tea Time: http://www.allmenus.com/ca/san-jose/47705-tea-time/menu/
Mountain Mike's Pizza: http://www.allmenus.com/ca/san-jose/312004-mountain-mikes-pizza/menu/
Baja Fresh Mexican Grill: http://www.allmenus.com/ca/san-jose/151995-baja-fresh-mexican-grill/menu/
4290 Bistro &amp; Bar: http://www.allmenus.com/ca/palo-alto/334912-4290-bistro--bar/menu/
Mike's Cafe Etc.: http://www.allmenus.com/ca/san-jose/53852-mikes-cafe-etc/menu/
Taco Bell: http://www.allmenus.com/ca/san-jose/214213-taco-bell/menu/
Empire Grill &amp; Tap Room: http://www.allmenus.com/ca/san-jose/55017-empire-grill--tap-room/menu/
Emmanuel Pizza: http://www.allmenus.com/ca/san-mateo/271608-emmanuel-pizza/menu/
Spalti Ristorante: http://www.allmenus.com/ca/san-jose/48977-spalti-ristorante/menu/
Hukilau: http://www.allmenus.com/ca/san-jose/55778-hukilau/menu/
La Strada: http://www.allmenus.com/ca/san-jose/20537-la-strada/menu/
Michael's Gelato &amp; Cafe: http://www.allmenus.com/ca/san-jose/46899-michaels-gelato--cafe/menu/
Saint Michaels Alley: http://www.allmenus.com/ca/san-jose/20228-saint-michaels-alley/menu/
Peninsula Creamery: http://www.allmenus.com/ca/san-jose/55321-peninsula-creamery/menu/
Osteria: http://www.allmenus.com/ca/san-jose/46901-osteria/menu/
Compadres: http://www.allmenus.com/ca/san-jose/53848-compadres/menu/
Bistro 412: http://www.allmenus.com/ca/palo-alto/371954-bistro-412/menu/
Sundance The Steakhouse: http://www.allmenus.com/ca/san-jose/48978-sundance-the-steakhouse/menu/
Celia's Mexican Restaurant: http://www.allmenus.com/ca/san-jose/55016-celias-mexican-restaurant/menu/
Fanny &amp; Alexander: http://www.allmenus.com/ca/san-jose/49005-fanny--alexander/menu/
Kirk's Steakburgers: http://www.allmenus.com/ca/san-jose/276163-kirks-steakburgers/menu/
Garden Fresh: http://www.allmenus.com/ca/palo-alto/310713-garden-fresh/menu/
Siam Royal: http://www.allmenus.com/ca/san-jose/50103-siam-royal/menu/
I Tapas &amp; Wine Bar: http://www.allmenus.com/ca/san-jose/47703-i-tapas--wine-bar/menu/
Darbar Indian Cuisine: http://www.allmenus.com/ca/san-jose/48900-darbar-indian-cuisine/menu/
Gordon Biersch: http://www.allmenus.com/ca/san-jose/20317-gordon-biersch/menu/
Campo Pizzeria: http://www.allmenus.com/ca/palo-alto/336464-campo-pizzeria/menu/
Thaiphoon: http://www.allmenus.com/ca/san-jose/47706-thaiphoon/menu/
Sushi Tomo: http://www.allmenus.com/ca/san-jose/46900-sushi-tomo/menu/
Da Sichuan: http://www.allmenus.com/ca/san-jose/307693-da-sichuan/menu/
Nordstrom Cafe Bistro: http://www.allmenus.com/ca/palo-alto/340747-nordstrom-cafe-bistro/menu/
Long Life Noodle Company: http://www.allmenus.com/ca/san-jose/53924-long-life-noodle-company/menu/
La Morenita: http://www.allmenus.com/ca/san-jose/55753-la-morenita/menu/
Gravity Bistro and Wine Bar: http://www.allmenus.com/ca/palo-alto/338365-gravity-bistro-and-wine-bar/menu/
Izzy's Brooklyn Bagels: http://www.allmenus.com/ca/san-jose/51421-izzys-brooklyn-bagels/menu/
Tengu Sushi: http://www.allmenus.com/ca/san-jose/18423-tengu-sushi/menu/
Fresh Taste Mandarin Kitchen: http://www.allmenus.com/ca/san-jose/257568-fresh-taste-mandarin-kitchen/menu/
Cocina Mexicana: http://www.allmenus.com/ca/san-jose/51430-cocina-mexicana/menu/
Cafe 220 Casual Mediterranean: http://www.allmenus.com/ca/san-jose/107508-cafe-220-casual-mediterranean/menu/
Taqueria El Grullense: http://www.allmenus.com/ca/san-jose/55008-taqueria-el-grullense/menu/
Gourmet Franks: http://www.allmenus.com/ca/san-jose/275210-gourmet-franks/menu/
Palo Alto Cafe: http://www.allmenus.com/ca/san-jose/275225-palo-alto-cafe/menu/
Oakville Grocery: http://www.allmenus.com/ca/san-jose/53925-oakville-grocery/menu/
The Cheese Steak Shop: http://www.allmenus.com/ca/palo-alto/374716-the-cheese-steak-shop/menu/
Junnoon: http://www.allmenus.com/ca/san-jose/48909-junnoon/menu/
Simply Sandwiches: http://www.allmenus.com/ca/san-jose/51410-simply-sandwiches/menu/
Coupa Cafe: http://www.allmenus.com/ca/stanford/378443-coupa-cafe/menu/
Max's Opera Cafe of Palo Alto: http://www.allmenus.com/ca/palo-alto/340130-maxs-opera-cafe-of-palo-alto/menu/
Umami Burger: http://www.allmenus.com/ca/palo-alto/376786-umami-burger/menu/
Wahoo's: http://www.allmenus.com/ca/san-jose/53916-wahoos/menu/
Palo Alto Pizza Co: http://www.allmenus.com/ca/san-jose/304229-palo-alto-pizza-co/menu/
Bulgogi BBQ: http://www.allmenus.com/ca/palo-alto/374756-bulgogi-bbq/menu/
Joanie's Cafe: http://www.allmenus.com/ca/san-jose/51426-joanies-cafe/menu/
KFC - Kentucky Fried Chicken: http://www.allmenus.com/ca/san-jose/197768-kfc---kentucky-fried-chicken/menu/
Cool Cafe: http://www.allmenus.com/ca/san-jose/48899-cool-cafe/menu/
Ike's Place: http://www.allmenus.com/ca/san-jose/296439-ikes-place/menu/
The Rose &amp; Crown English Food: http://www.allmenus.com/ca/palo-alto/375399-the-rose--crown-english-food/menu/
Mantra Restaurant &amp; Lounge: http://www.allmenus.com/ca/san-jose/22463-mantra-restaurant--lounge/menu/
L &amp; L Hawaiian BBQ: http://www.allmenus.com/ca/san-jose/55765-l--l-hawaiian-bbq/menu/
Cafe Renaissance: http://www.allmenus.com/ca/san-jose/50153-cafe-renaissance/menu/
Curry Up Now: http://www.allmenus.com/ca/san-jose/317062-curry-up-now/menu/
Tandoori Oven: http://www.allmenus.com/ca/palo-alto/323022-tandoori-oven/menu/
Neiman Marcus: http://www.allmenus.com/ca/palo-alto/340642-neiman-marcus/menu/
Cafe Pro Bono: http://www.allmenus.com/ca/san-jose/48305-cafe-pro-bono/menu/
Bella Luna: http://www.allmenus.com/ca/palo-alto/371848-bella-luna/menu/
Bay Cafe and Restaurant &amp; Banquet Hall: http://www.allmenus.com/ca/palo-alto/375028-bay-cafe-and-restaurant--banquet-hall/menu/
Anatolian Kitchen: http://www.allmenus.com/ca/san-jose/304228-anatolian-kitchen/menu/
Jing Jing Szechwan &amp; Hunan Gourmet: http://www.allmenus.com/ca/san-jose/47692-jing-jing-szechwan--hunan-gourmet/menu/
Pampas Palo Alto: http://www.allmenus.com/ca/san-jose/269637-pampas-palo-alto/menu/
La Bodeguita Del Medio: http://www.allmenus.com/ca/san-jose/48915-la-bodeguita-del-medio/menu/
The 3rd Door: http://www.allmenus.com/ca/san-jose/319782-the-3rd-door/menu/
Trader Vic's: http://www.allmenus.com/ca/san-jose/22228-trader-vics/menu/
Mandarin Gourmet Restaurant: http://www.allmenus.com/ca/san-jose/48975-mandarin-gourmet-restaurant/menu/
Quiznos Sub: http://www.allmenus.com/ca/san-jose/123439-quiznos-sub/menu/
Papa Murphy's: http://www.allmenus.com/ca/san-jose/77799-papa-murphys/menu/
Salsa: http://www.allmenus.com/ca/san-jose/51403-salsa/menu/
Cho's Mandarin Dim Sun: http://www.allmenus.com/ca/san-jose/275209-chos-mandarin-dim-sun/menu/
Gobble: http://www.allmenus.com/ca/san-jose/304225-gobble/menu/
San Francisco Soup Company: http://www.allmenus.com/ca/san-mateo/56554-san-francisco-soup-company/menu/
The Oaxacan Kitchen: http://www.allmenus.com/ca/san-jose/275223-the-oaxacan-kitchen/menu/
So Gong Dong Tofu House: http://www.allmenus.com/ca/san-jose/47014-tofu-house/menu/
Bistro Elan: http://www.allmenus.com/ca/san-jose/51415-bistro-elan/menu/
Cafe Renzo: http://www.allmenus.com/ca/san-jose/319531-cafe-renzo/menu/
Spot A Pizza Place: http://www.allmenus.com/ca/san-jose/277490-spot-a-pizza-place/menu/
Palo Alto Creamery: http://www.allmenus.com/ca/palo-alto/375339-palo-alto-creamery/menu/
Howie's Artisan Pizza: http://www.allmenus.com/ca/palo-alto/375199-howies-artisan-pizza/menu/
Jamba Juice: http://www.allmenus.com/ca/san-jose/135714-jamba-juice/menu/
Pizza My Heart: http://www.allmenus.com/ca/san-jose/316075-pizza-my-heart/menu/
Fuki Sushi: http://www.allmenus.com/ca/palo-alto/370698-fuki-sushi/menu/
Cafe Epi: http://www.allmenus.com/ca/san-jose/273813-cafe-epi/menu/
Ramona's Restaurant: http://www.allmenus.com/ca/san-jose/258980-ramonas-restaurant/menu/
P.F. Chang's: http://www.allmenus.com/ca/san-jose/6645-pf-changs/menu/
Plantation Deli Cafe: http://www.allmenus.com/ca/san-jose/51389-plantation-deli-cafe/menu/
Just Lunch: http://www.allmenus.com/ca/san-mateo/319607-just-lunch/menu/
Taipan: http://www.allmenus.com/ca/san-jose/267868-tai-pan/menu/
